<?xml version="1.0" encoding="UTF-8" ?>
<module>
	<name>intolerancias</name>
	<displayName><![CDATA[Intolerancias y Alergias]]></displayName>
	<version><![CDATA[1.0.0]]></version>
	<description><![CDATA[Modulo para agregar filtros de Intolerancias y alergias de alimentos]]></description>
	<author><![CDATA[Lyzmar Padilla]]></author>
	<tab><![CDATA[front_office_features]]></tab>
	<confirmUninstall><![CDATA[¿Desea desinstalar?]]></confirmUninstall>
	<is_configurable>0</is_configurable>
	<need_instance>0</need_instance>
	<limited_countries></limited_countries>
</module>